{
  "kt": 3.618926952148209,
  "R": 2.2150084585447605,
  "armature": 0.04003988017981471,
  "q_offset": 0.02504140044718678,
  "friction_base": 0.00937788921080257,
  "friction_stribeck": 8.655689104548098e-06,
  "load_friction_motor": 0.19626911687560197,
  "load_friction_external": 5.550935784249033e-07,
  "load_friction_motor_stribeck": 4.577717401902112e-06,
  "load_friction_external_stribeck": 0.26293218268483554,
  "dtheta_stribeck": 0.2674253735005076,
  "alpha": 0.9354570132666984,
  "friction_viscous": 0.09458349764732327,
  "model": "m5",
  "actuator": "xm540_w270"
}
